path,binary_accuracy,root_accuracy,triad_accuracy,7th_accuracy,inversion_accuracy,average_sps,average_tbt,average_vl,name
../Data/chord-eval/50/K576-1_resultschord-eval.tsv,0.659729448491155,0.7991675338189386,0.886576482830385,0.7825182101977107,0.8210197710718002,0.11291181407567805,0.18769510926118615,0.14841311134235138,K576-1
../Data/chord-eval/50/K332-3_resultschord-eval.tsv,0.6700680272108843,0.8115646258503402,0.8612244897959184,0.8299319727891157,0.7802721088435374,0.10025964520524774,0.17328717201166155,0.13314780457637543,K332-3
../Data/chord-eval/50/K279-2_resultschord-eval.tsv,0.6753003003003003,0.7841591591591591,0.8513513513513513,0.7732732732732732,0.753003003003003,0.06943008105329439,0.1515980265980264,0.10822664770033183,K279-2
../Data/chord-eval/50/K545-3_resultschord-eval.tsv,0.7380952380952381,0.8775510204081632,0.9115646258503401,0.8775510204081632,0.7857142857142857,0.0555972808747908,0.11200194363459658,0.11958467597565348,K545-3
../Data/chord-eval/50/K310-2_resultschord-eval.tsv,0.6457528957528957,0.7393822393822393,0.8571428571428571,0.7905405405405406,0.7664092664092664,0.10672539857777841,0.20092733039161584,0.12783280174584516,K310-2
../Data/chord-eval/50/K284-1_resultschord-eval.tsv,0.5280511811023622,0.7140748031496063,0.8410433070866141,0.7426181102362205,0.6938976377952756,0.1622715441750453,0.2555539932508431,0.19098767545361195,K284-1
../Data/chord-eval/50/K331-1_resultschord-eval.tsv,0.7289719626168224,0.8241822429906542,0.9240654205607477,0.8463785046728972,0.8323598130841121,0.07635047145071672,0.1420122663551402,0.10591015293118078,K331-1
../Data/chord-eval/50/K280-1_resultschord-eval.tsv,0.6354166666666666,0.7847222222222222,0.8576388888888888,0.7928240740740741,0.7094907407407407,0.10838136105425382,0.19556051587301565,0.1646034621578096,K280-1
