path,binary_accuracy,root_accuracy,triad_accuracy,7th_accuracy,inversion_accuracy,average_sps,average_tbt,average_vl,name
../Data/chord-eval/25/K576-1_resultschord-eval.tsv,0.6149843912591051,0.7814776274713839,0.8886576482830385,0.7596253902185224,0.8116545265348595,0.12077296967283663,0.20321094098409376,0.15816857440166454,K576-1
../Data/chord-eval/25/K332-3_resultschord-eval.tsv,0.6884353741496598,0.8238095238095238,0.8707482993197279,0.8387755102040816,0.7904761904761904,0.09638803008748932,0.16474732750242932,0.1267779839208405,K332-3
../Data/chord-eval/25/K279-2_resultschord-eval.tsv,0.6632882882882883,0.7661411411411412,0.8423423423423423,0.7725225225225225,0.7424924924924925,0.07648850930216682,0.16389157014156994,0.11723565670934076,K279-2
../Data/chord-eval/25/K545-3_resultschord-eval.tsv,0.7482993197278912,0.8605442176870748,0.8809523809523809,0.8673469387755102,0.8095238095238095,0.0712560242592936,0.12354227405247818,0.10955961331901183,K545-3
../Data/chord-eval/25/K310-2_resultschord-eval.tsv,0.6554054054054054,0.7181467181467182,0.8648648648648649,0.8021235521235521,0.7683397683397684,0.11552878072469566,0.21423400441257576,0.130938391807957,K310-2
../Data/chord-eval/25/K284-1_resultschord-eval.tsv,0.5290354330708661,0.6884842519685039,0.8380905511811023,0.750492125984252,0.7047244094488189,0.17448885997462027,0.27100323397075315,0.18561351706036708,K284-1
../Data/chord-eval/25/K331-1_resultschord-eval.tsv,0.7394859813084113,0.8288551401869159,0.9287383177570093,0.8697429906542056,0.8405373831775701,0.07733952037375093,0.14351426902536724,0.11520284621920117,K331-1
../Data/chord-eval/25/K280-1_resultschord-eval.tsv,0.6030092592592593,0.7604166666666666,0.8379629629629629,0.7789351851851852,0.6956018518518519,0.11766966651711418,0.2131903108465609,0.1901455026455023,K280-1
