path,binary_accuracy,root_accuracy,triad_accuracy,7th_accuracy,inversion_accuracy,average_sps,average_tbt,average_vl,name
../Data/chord-eval/150/K576-1_resultschord-eval.tsv,0.6399583766909469,0.7835587929240374,0.8709677419354839,0.7835587929240374,0.7814776274713839,0.11684482667587776,0.19706035379812661,0.14841311134235138,K576-1
../Data/chord-eval/150/K332-3_resultschord-eval.tsv,0.6537414965986394,0.7877551020408163,0.8448979591836735,0.8156462585034013,0.7748299319727892,0.11406425514122381,0.19160592808551957,0.14090909090909035,K332-3
../Data/chord-eval/150/K279-2_resultschord-eval.tsv,0.6903153153153153,0.8201951951951952,0.8693693693693694,0.7972972972972973,0.756006006006006,0.05999874943114033,0.13762870012869996,0.11186186186186173,K279-2
../Data/chord-eval/150/K545-3_resultschord-eval.tsv,0.7346938775510204,0.8775510204081632,0.9115646258503401,0.8741496598639455,0.7857142857142857,0.06029476068797003,0.11582847424684153,0.11564625850340138,K545-3
../Data/chord-eval/150/K310-2_resultschord-eval.tsv,0.6862934362934363,0.7760617760617761,0.8687258687258688,0.8021235521235521,0.7857142857142857,0.08250584723885,0.16921194153337005,0.11331206983380865,K310-2
../Data/chord-eval/150/K284-1_resultschord-eval.tsv,0.5191929133858267,0.6894685039370079,0.8174212598425197,0.7278543307086615,0.7007874015748031,0.17454808471569375,0.2685953318335201,0.18803491954810017,K284-1
../Data/chord-eval/150/K331-1_resultschord-eval.tsv,0.7570093457943925,0.8498831775700935,0.9345794392523364,0.8697429906542056,0.8662383177570093,0.07527791010496329,0.13043432910547387,0.10776869158878488,K331-1
../Data/chord-eval/150/K280-1_resultschord-eval.tsv,0.6423611111111112,0.7916666666666666,0.8518518518518519,0.7789351851851852,0.7303240740740741,0.10601668975026325,0.18909143518518498,0.1608796296296293,K280-1
