path,binary_accuracy,root_accuracy,triad_accuracy,7th_accuracy,inversion_accuracy,average_sps,average_tbt,average_vl,name
../Data/chord-eval/100/K576-1_resultschord-eval.tsv,0.6378772112382934,0.7866805411030177,0.8709677419354839,0.777315296566077,0.7866805411030177,0.11610927804344683,0.19458896982310062,0.14672216441207053,K576-1
../Data/chord-eval/100/K332-3_resultschord-eval.tsv,0.645578231292517,0.7904761904761904,0.8401360544217688,0.8122448979591836,0.7619047619047619,0.11332322802089802,0.19269922254616104,0.14477427334570137,K332-3
../Data/chord-eval/100/K279-2_resultschord-eval.tsv,0.7023273273273273,0.8201951951951952,0.8783783783783784,0.8175675675675675,0.756006006006006,0.058113315464783974,0.1345318532818531,0.1092539908329381,K279-2
../Data/chord-eval/100/K545-3_resultschord-eval.tsv,0.7448979591836735,0.8741496598639455,0.9217687074829932,0.8741496598639455,0.7993197278911565,0.06540772068584988,0.11868318756073856,0.12226996061582532,K545-3
../Data/chord-eval/100/K310-2_resultschord-eval.tsv,0.6882239382239382,0.777992277992278,0.8667953667953668,0.8001930501930502,0.7857142857142857,0.08296456282312992,0.16798814120242692,0.11327010240053687,K310-2
../Data/chord-eval/100/K284-1_resultschord-eval.tsv,0.5093503937007874,0.6697834645669292,0.8193897637795275,0.7357283464566929,0.6840551181102362,0.17958199939524672,0.2795627109111359,0.19419719274221195,K284-1
../Data/chord-eval/100/K331-1_resultschord-eval.tsv,0.7546728971962616,0.8487149532710281,0.9345794392523364,0.8685747663551402,0.865070093457944,0.07559025089542172,0.13116446929238976,0.10787489379779078,K331-1
../Data/chord-eval/100/K280-1_resultschord-eval.tsv,0.6469907407407407,0.7951388888888888,0.8576388888888888,0.7951388888888888,0.7233796296296297,0.10568744829253711,0.1887400793650791,0.16138285024154564,K280-1
