path,binary_accuracy,root_accuracy,triad_accuracy,7th_accuracy,inversion_accuracy,average_sps,average_tbt,average_vl,name
../Data/chord-eval/40/K576-1_resultschord-eval.tsv,0.6514047866805411,0.7887617065556711,0.8980228928199792,0.7793964620187305,0.8283038501560874,0.12004039800756301,0.19507209751746676,0.14836975372875436,K576-1
../Data/chord-eval/40/K332-3_resultschord-eval.tsv,0.6727891156462585,0.8136054421768707,0.8653061224489796,0.8346938775510204,0.7789115646258503,0.09894289995068523,0.17185374149659838,0.13222016079158874,K332-3
../Data/chord-eval/40/K279-2_resultschord-eval.tsv,0.6542792792792793,0.7661411411411412,0.8423423423423423,0.7680180180180181,0.7424924924924925,0.07902603699368209,0.16678732303732285,0.12387387387387393,K279-2
../Data/chord-eval/40/K545-3_resultschord-eval.tsv,0.7448979591836735,0.8741496598639455,0.9217687074829932,0.8741496598639455,0.8027210884353742,0.06330519979921535,0.11819727891156458,0.12173290368779095,K545-3
../Data/chord-eval/40/K310-2_resultschord-eval.tsv,0.6447876447876448,0.7326254826254827,0.8667953667953668,0.7982625482625483,0.750965250965251,0.11262900797124928,0.2075117209045778,0.1307705220748698,K310-2
../Data/chord-eval/40/K284-1_resultschord-eval.tsv,0.5231299212598425,0.6835629921259843,0.8302165354330708,0.7426181102362205,0.6948818897637795,0.17535378208200342,0.2727432508436441,0.19299897295446783,K284-1
../Data/chord-eval/40/K331-1_resultschord-eval.tsv,0.7242990654205608,0.8078271028037384,0.9123831775700935,0.8452102803738317,0.8276869158878505,0.08016684240709815,0.15073222630173566,0.11026444350042457,K331-1
../Data/chord-eval/40/K280-1_resultschord-eval.tsv,0.6099537037037037,0.7627314814814815,0.8344907407407407,0.7777777777777778,0.6851851851851852,0.111472975273521,0.20674189814814822,0.18601190476190468,K280-1
