path,binary_accuracy,root_accuracy,triad_accuracy,7th_accuracy,inversion_accuracy,average_sps,average_tbt,average_vl,name
../Data/chord-eval/75/K576-1_resultschord-eval.tsv,0.6534859521331946,0.8033298647242456,0.8938605619146722,0.8022892819979188,0.7887617065556711,0.10749426062229264,0.18418314255983326,0.14854318418314225,K576-1
../Data/chord-eval/75/K332-3_resultschord-eval.tsv,0.6482993197278911,0.8006802721088435,0.8517006802721089,0.8197278911564626,0.7680272108843538,0.1115419765194697,0.1891763848396499,0.14421768707482926,K332-3
../Data/chord-eval/75/K279-2_resultschord-eval.tsv,0.7023273273273273,0.8111861861861862,0.8603603603603603,0.8040540540540541,0.7515015015015015,0.05789781615116421,0.1369449806949805,0.10522364469732888,K279-2
../Data/chord-eval/75/K545-3_resultschord-eval.tsv,0.7278911564625851,0.8707482993197279,0.9081632653061225,0.8707482993197279,0.7789115646258503,0.05954839779598337,0.11825801749271131,0.1229860365198712,K545-3
../Data/chord-eval/75/K310-2_resultschord-eval.tsv,0.6920849420849421,0.7915057915057915,0.859073359073359,0.7886100386100386,0.7953667953667953,0.07361536460787621,0.15709459459459457,0.10672318281013894,K310-2
../Data/chord-eval/75/K284-1_resultschord-eval.tsv,0.5329724409448819,0.6835629921259843,0.8341535433070866,0.7396653543307087,0.6909448818897638,0.1714770748303804,0.26451771653543255,0.18461143444026057,K284-1
../Data/chord-eval/75/K331-1_resultschord-eval.tsv,0.7406542056074766,0.8393691588785047,0.9299065420560748,0.8533878504672897,0.8545560747663551,0.07629751379317712,0.1369012850467289,0.111485768903993,K331-1
../Data/chord-eval/75/K280-1_resultschord-eval.tsv,0.6354166666666666,0.7881944444444444,0.8576388888888888,0.7928240740740741,0.7071759259259259,0.10859281980585968,0.19485780423280397,0.1654086151368757,K280-1
