path,binary_accuracy,root_accuracy,triad_accuracy,7th_accuracy,inversion_accuracy,average_sps,average_tbt,average_vl,name
../Data/chord-eval/30/K576-1_resultschord-eval.tsv,0.6420395421436004,0.7814776274713839,0.890738813735692,0.7731529656607701,0.8251821019771072,0.12106406807318898,0.19906719191318548,0.15296566077003088,K576-1
../Data/chord-eval/30/K332-3_resultschord-eval.tsv,0.6802721088435374,0.817687074829932,0.8666666666666667,0.8353741496598639,0.7836734693877551,0.09846352536639214,0.16930272108843517,0.12884972170686407,K332-3
../Data/chord-eval/30/K279-2_resultschord-eval.tsv,0.6632882882882883,0.7661411411411412,0.8423423423423423,0.7725225225225225,0.7424924924924925,0.07648850930216682,0.16389157014156994,0.11723565670934076,K279-2
../Data/chord-eval/30/K545-3_resultschord-eval.tsv,0.7414965986394558,0.8775510204081632,0.8979591836734694,0.8775510204081632,0.8027210884353742,0.059386066798888304,0.11273080660835752,0.1186895810955962,K545-3
../Data/chord-eval/30/K310-2_resultschord-eval.tsv,0.6467181467181468,0.7075289575289575,0.8532818532818532,0.7944015444015444,0.7548262548262549,0.11873601330173804,0.22002551020408156,0.13614235353365797,K310-2
../Data/chord-eval/30/K284-1_resultschord-eval.tsv,0.5280511811023622,0.6865157480314961,0.8321850393700787,0.7465551181102362,0.6978346456692913,0.1746245369060221,0.2709153543307082,0.19205751454981185,K284-1
../Data/chord-eval/30/K331-1_resultschord-eval.tsv,0.7301401869158879,0.826518691588785,0.9299065420560748,0.8674065420560748,0.8300233644859814,0.07490050222515239,0.14449474299065423,0.11557455395072197,K331-1
../Data/chord-eval/30/K280-1_resultschord-eval.tsv,0.59375,0.7581018518518519,0.8356481481481481,0.7743055555555556,0.6921296296296297,0.11644939211748809,0.21571180555555583,0.19301146384479692,K280-1
